product_id,slug,name,brand,category,variant,pack_size_g,serving_size_g,calories_kcal_100g,protein_g_100g,sugar_g_100g,fibre_g_100g,sodium_mg_100g,label_source_url,last_verified,verification_status,notes
DEMO-MALTED-A,demo-malted-powder-a,DEMO Malted Powder A,Fable Pantry Co,Malted drink powders,Original,500,30,380,12.0,48.0,3.5,280,https://example.invalid/demo-malted-a,2026-01-15,Demo,Fictional sample row for local development only.
DEMO-MALTED-B,demo-malted-powder-b,DEMO Malted Powder B,Fable Pantry Co,Malted drink powders,Less sweet,500,30,360,14.5,32.0,5.0,260,https://example.invalid/demo-malted-b,2026-01-15,Demo,Fictional sample row for local development only.
DEMO-MALTED-C,demo-malted-powder-c,DEMO Malted Powder C,Northstar Demo Foods,Malted drink powders,High protein,400,25,355,22.0,28.0,6.0,310,https://example.invalid/demo-malted-c,2026-02-01,Demo,Fictional sample row for local development only.
DEMO-MALTED-D,demo-malted-powder-d,DEMO Malted Powder D,Northstar Demo Foods,Malted drink powders,Classic malt,500,30,390,10.0,52.0,2.0,295,https://example.invalid/demo-malted-d,2026-02-01,Demo,Fictional sample row for local development only.
DEMO-MALTED-E,demo-malted-powder-e,DEMO Malted Powder E,Cedar Hill Demo,Malted drink powders,Fibre plus,450,30,345,15.0,32.0,8.5,240,https://example.invalid/demo-malted-e,2026-03-10,Demo,Fictional sample row for local development only.
DEMO-CHOC-A,demo-chocolate-a,DEMO Chocolate A,Lantern Cocoa Lab,Chocolates,Dark 55,100,20,540,7.5,42.0,8.0,15,https://example.invalid/demo-choc-a,2026-01-20,Demo,Fictional sample row for local development only.
DEMO-CHOC-B,demo-chocolate-b,DEMO Chocolate B,Lantern Cocoa Lab,Chocolates,Milk,100,20,560,6.0,52.0,2.5,80,https://example.invalid/demo-choc-b,2026-01-20,Demo,Fictional sample row for local development only.
DEMO-CHOC-C,demo-chocolate-c,DEMO Chocolate C,Pebble Demo Confectionery,Chocolates,High protein bar,45,45,420,22.0,18.0,7.0,140,https://example.invalid/demo-choc-c,2026-02-12,Demo,Fictional sample row for local development only.
DEMO-CHOC-D,demo-chocolate-d,DEMO Chocolate D,Pebble Demo Confectionery,Chocolates,Caramel milk,90,18,575,5.5,55.0,1.5,95,https://example.invalid/demo-choc-d,2026-02-12,Demo,Fictional sample row for local development only.
